[
{"pk": 1, "model": "submissions.categorysubmission", "fields": {"category": 1, "submissionset": 1}}, 
{"pk": 2, "model": "submissions.categorysubmission", "fields": {"category": 2, "submissionset": 1}}, 
{"pk": 3, "model": "submissions.categorysubmission", "fields": {"category": 3, "submissionset": 1}}, 
{"pk": 4, "model": "submissions.categorysubmission", "fields": {"category": 4, "submissionset": 1}}, 
{"pk": 1, "model": "submissions.subcategorysubmission", "fields": {"category_submission": 1, "subcategory": 1}}, 
{"pk": 2, "model": "submissions.subcategorysubmission", "fields": {"category_submission": 1, "subcategory": 2}}, 
{"pk": 3, "model": "submissions.subcategorysubmission", "fields": {"category_submission": 1, "subcategory": 3}}, 
{"pk": 4, "model": "submissions.subcategorysubmission", "fields": {"category_submission": 1, "subcategory": 4}}, 
{"pk": 5, "model": "submissions.subcategorysubmission", "fields": {"category_submission": 2, "subcategory": 5}}, 
{"pk": 6, "model": "submissions.subcategorysubmission", "fields": {"category_submission": 2, "subcategory": 6}}, 
{"pk": 7, "model": "submissions.subcategorysubmission", "fields": {"category_submission": 2, "subcategory": 7}}, 
{"pk": 8, "model": "submissions.subcategorysubmission", "fields": {"category_submission": 2, "subcategory": 8}}, 
{"pk": 9, "model": "submissions.subcategorysubmission", "fields": {"category_submission": 2, "subcategory": 9}}, 
{"pk": 10, "model": "submissions.subcategorysubmission", "fields": {"category_submission": 2, "subcategory": 10}}, 
{"pk": 11, "model": "submissions.subcategorysubmission", "fields": {"category_submission": 2, "subcategory": 11}}, 
{"pk": 12, "model": "submissions.subcategorysubmission", "fields": {"category_submission": 3, "subcategory": 12}}, 
{"pk": 13, "model": "submissions.subcategorysubmission", "fields": {"category_submission": 3, "subcategory": 19}}, 
{"pk": 14, "model": "submissions.subcategorysubmission", "fields": {"category_submission": 3, "subcategory": 13}}, 
{"pk": 15, "model": "submissions.subcategorysubmission", "fields": {"category_submission": 3, "subcategory": 14}}, 
{"pk": 16, "model": "submissions.subcategorysubmission", "fields": {"category_submission": 3, "subcategory": 15}}, 
{"pk": 17, "model": "submissions.subcategorysubmission", "fields": {"category_submission": 3, "subcategory": 16}}, 
{"pk": 18, "model": "submissions.subcategorysubmission", "fields": {"category_submission": 3, "subcategory": 17}}, 
{"pk": 19, "model": "submissions.subcategorysubmission", "fields": {"category_submission": 4, "subcategory": 18}}, 
{"pk": 1, "model": "submissions.creditsubmission", "fields": {"credit": 1}}, 
{"pk": 2, "model": "submissions.creditsubmission", "fields": {"credit": 2}}, 
{"pk": 3, "model": "submissions.creditsubmission", "fields": {"credit": 3}}, 
{"pk": 4, "model": "submissions.creditsubmission", "fields": {"credit": 4}}, 
{"pk": 1, "model": "submissions.creditusersubmission", "fields": {"last_updated": "2009-08-29 12:05:34", "submission_status": "c", "user": 8697, "assessed_points": 2.0, "subcategory_submission": 5, "applicability_reason": null, "responsible_party_confirm": false, "responsible_party": 1}}, 
{"pk": 2, "model": "submissions.creditusersubmission", "fields": {"last_updated": "2009-08-29 12:06:45", "submission_status": "c", "user": 8697, "assessed_points": 2.0, "subcategory_submission": 11, "applicability_reason": null, "responsible_party_confirm": false, "responsible_party": 1}}, 
{"pk": 3, "model": "submissions.creditusersubmission", "fields": {"last_updated": "2009-08-29 12:07:01", "submission_status": "c", "user": 8697, "assessed_points": 1.0, "subcategory_submission": 12, "applicability_reason": null, "responsible_party_confirm": false, "responsible_party": 1}}, 
{"pk": 4, "model": "submissions.creditusersubmission", "fields": {"last_updated": "2009-08-29 12:08:45", "submission_status": "c", "user": 8697, "assessed_points": 1.0, "subcategory_submission": 17, "applicability_reason": null, "responsible_party_confirm": false, "responsible_party": 1}}, 
{"pk": 1, "model": "submissions.urlsubmission", "fields": {"documentation_field": 1, "value": "http://www.aashe.org/", "credit_submission": 1}}, 
{"pk": 2, "model": "submissions.urlsubmission", "fields": {"documentation_field": 13, "value": "http://www.aashe.org/", "credit_submission": 3}}, 
{"pk": 1, "model": "submissions.datesubmission", "fields": {"documentation_field": 2, "value": "2009-01-01", "credit_submission": 1}}, 
{"pk": 1, "model": "submissions.numericsubmission", "fields": {"documentation_field": 3, "value": 1234.0, "credit_submission": 1}}, 
{"pk": 2, "model": "submissions.numericsubmission", "fields": {"documentation_field": 4, "value": 1234.0, "credit_submission": 1}}, 
{"pk": 3, "model": "submissions.numericsubmission", "fields": {"documentation_field": 5, "value": 400.0, "credit_submission": 1}}, 
{"pk": 4, "model": "submissions.numericsubmission", "fields": {"documentation_field": 6, "value": 500.0, "credit_submission": 1}}, 
{"pk": 5, "model": "submissions.numericsubmission", "fields": {"documentation_field": 7, "value": 100.0, "credit_submission": 1}}, 
{"pk": 6, "model": "submissions.numericsubmission", "fields": {"documentation_field": 9, "value": 234.0, "credit_submission": 1}}, 
{"pk": 7, "model": "submissions.numericsubmission", "fields": {"documentation_field": 10, "value": 25.0, "credit_submission": 2}}, 
{"pk": 8, "model": "submissions.numericsubmission", "fields": {"documentation_field": 14, "value": 2.0, "credit_submission": 4}}, 
{"pk": 9, "model": "submissions.numericsubmission", "fields": {"documentation_field": 16, "value": 18000.0, "credit_submission": 4}}, 
{"pk": 1, "model": "submissions.longtextsubmission", "fields": {"documentation_field": 8, "value": "", "credit_submission": 1}}, 
{"pk": 2, "model": "submissions.longtextsubmission", "fields": {"documentation_field": 11, "value": "using flight calculator at Nature.org", "credit_submission": 2}}, 
{"pk": 3, "model": "submissions.longtextsubmission", "fields": {"documentation_field": 12, "value": "Using online conferencing tools whenever possible in place of face-to-face conferences.", "credit_submission": 2}}, 
{"pk": 4, "model": "submissions.longtextsubmission", "fields": {"documentation_field": 15, "value": "Bob, student transportation coordinator, Jan. 1, 2007, FTE=1\r\nJane, environmental justice coordinator, Dec. 31, 2006, FTE=1", "credit_submission": 4}}
]
